url,author,date,timestamp,score,upvotes,downvotes,golds,comment,comment_id
https://www.reddit.com/r/conspiracy/comments/1jaumrc/the_ai_ouroboros/,AutoModerator,2025-03-14,1741922554,1,1,0,0,"###[Meta] Sticky Comment

[Rule 2](https://www.reddit.com/r/conspiracy/wiki/faq#wiki_2_-_address_the_argument.3B_not_the_user.2C_the_mods.2C_or_the_sub.) ***does not apply*** when replying to this stickied comment.  

[Rule 2](https://www.reddit.com/r/conspiracy/wiki/faq#wiki_2_-_address_the_argument.3B_not_the_user.2C_the_mods.2C_or_the_sub.) ***does apply*** throughout the rest of this thread.

*What this means*: Please keep any ""meta"" discussion directed at specific users, mods, or /r/conspiracy in general in this comment chain ***only.***

*I am a bot, and this action was performed automatically. Please [contact the moderators of this subreddit](/message/compose/?to=/r/conspiracy) if you have any questions or concerns.*",1
https://www.reddit.com/r/conspiracy/comments/1japyyy/blood_moon_tonight/,AutoModerator,2025-03-13,1741908383,1,1,0,0,"###[Meta] Sticky Comment

[Rule 2](https://www.reddit.com/r/conspiracy/wiki/faq#wiki_2_-_address_the_argument.3B_not_the_user.2C_the_mods.2C_or_the_sub.) ***does not apply*** when replying to this stickied comment.  

[Rule 2](https://www.reddit.com/r/conspiracy/wiki/faq#wiki_2_-_address_the_argument.3B_not_the_user.2C_the_mods.2C_or_the_sub.) ***does apply*** throughout the rest of this thread.

*What this means*: Please keep any ""meta"" discussion directed at specific users, mods, or /r/conspiracy in general in this comment chain ***only.***

*I am a bot, and this action was performed automatically. Please [contact the moderators of this subreddit](/message/compose/?to=/r/conspiracy) if you have any questions or concerns.*",1
https://www.reddit.com/r/conspiracy/comments/1japyyy/blood_moon_tonight/,DefiantCustomer111,2025-03-13,1741910068,4,4,0,0,You say blood moon? I say moon of blood. Look into it,2
https://www.reddit.com/r/conspiracy/comments/1japyyy/blood_moon_tonight/,sekiti,2025-03-14,1741939153,1,1,0,0,"I looked into it. 

It's the atmosphere refracting sunset light onto the moon.",2_1
https://www.reddit.com/r/conspiracy/comments/1japyyy/blood_moon_tonight/,sum1sum1sum1sum1,2025-03-14,1741915450,4,4,0,0,"Correct, we are at the eclipse moon phase line. Next is cherry blossom season followed by the great reset",3
