subreddit,author,approved_at_utc,title,score,num_comments,url
rstats,jhelvy,NA,MAGA trigger word screener shinylive app,112,13,https://www.reddit.com/r/rstats/comments/1jam3w2/maga_trigger_word_screener_shinylive_app/
rstats,Gaharagang,NA,im going CRAZY what is wrong with my pipe,2,9,https://www.reddit.com/r/rstats/comments/1japulm/im_going_crazy_what_is_wrong_with_my_pipe/
rstats,carabidus,NA,Book Recommendations for Survey Analysis,2,3,https://www.reddit.com/r/rstats/comments/1jagqn3/book_recommendations_for_survey_analysis/
rstats,FanFragrant1973,NA,emmtrends question,0,4,https://www.reddit.com/r/rstats/comments/1jabefh/emmtrends_question/
rstats,Outrageous_Yam2378,NA,"Hi all please may you answer this short survey about abandonment, it is for my primary research in my final college project, all answers are completely anonymous, thank you in advance! :)",1,0,https://www.reddit.com/r/rstats/comments/1jaa98a/hi_all_please_may_you_answer_this_short_survey/
rstats,ThinkMeal3637,NA,How many contacts do you have in your phone?,0,5,https://www.reddit.com/r/rstats/comments/1jam5nx/how_many_contacts_do_you_have_in_your_phone/
rstats,Big-Ad-3679,NA,C-R plots issue Rstudio,1,0,/r/RStudio/comments/1ja1x4t/cr_plots_issue/
rstats,Mindless-Parsley2316,NA,R data science course for master admission,3,14,https://www.reddit.com/r/rstats/comments/1j8qu66/r_data_science_course_for_master_admission/
rstats,BubbaCockaroach,NA,Need Help Altering my Rcode for my Sankey Graph,0,0,https://www.reddit.com/r/rstats/comments/1j954cg/need_help_altering_my_rcode_for_my_sankey_graph/
rstats,AdvancedIguana,NA,Using Custom Fonts in PDFs,6,3,https://www.reddit.com/r/rstats/comments/1j81tl5/using_custom_fonts_in_pdfs/
rstats,robhardt,NA,R package 'export' doesn't work anymore,5,4,https://www.reddit.com/r/rstats/comments/1j7ybiv/r_package_export_doesnt_work_anymore/
rstats,No_Mango_1395,NA,Running a code over days,10,12,https://www.reddit.com/r/rstats/comments/1j7ork0/running_a_code_over_days/
rstats,toastyoats,NA,Improve the call-stack in a traceback with indexed functions from a list,5,1,https://www.reddit.com/r/rstats/comments/1j7j0bn/improve_the_callstack_in_a_traceback_with_indexed/
rstats,oscarb1233,NA,9 new books added to Big Book of R - Oscar Baruffa,45,0,https://oscarbaruffa.com/9-new-books-added-to-big-book-of-r/
rstats,Big-Ad-3679,NA,Box-Cox or log-log transformation question,1,2,https://www.reddit.com/r/rstats/comments/1j7n9mx/boxcox_or_loglog_transformation_question/
rstats,Big-Ad-3679,NA,Stats linear regression assignment - residuals pattern,0,4,https://www.reddit.com/r/rstats/comments/1j7bujw/stats_linear_regression_assignment_residuals/
rstats,dr_kurapika,NA,Hard time interpreting logistic regression results,4,11,https://www.reddit.com/r/rstats/comments/1j6scol/hard_time_interpreting_logistic_regression_results/
rstats,BOBOLIU,NA,New Packages for Time Series Analysis,60,2,https://www.reddit.com/r/rstats/comments/1j68kjh/new_packages_for_time_series_analysis/
rstats,Ashamed-Education-99,NA,Novel way to perform longitudinal multivariate PCA analysis?,2,4,https://www.reddit.com/r/rstats/comments/1j6h2b3/novel_way_to_perform_longitudinal_multivariate/
rstats,Majestic_Car_5316,NA,PLS-SEM - Normalization,7,0,https://www.reddit.com/r/rstats/comments/1j5j7w7/plssem_normalization/
rstats,toastyoats,NA,Correct usage of \dontrun{} in package examples code?,3,3,https://www.reddit.com/r/rstats/comments/1j5b62b/correct_usage_of_dontrun_in_package_examples_code/
rstats,Intrepid-Star7944,NA,Linearity Assumption - Logistic Regression,4,8,https://www.reddit.com/r/rstats/comments/1j528hi/linearity_assumption_logistic_regression/
rstats,weeteuchter,NA,R and RStudio requiring new download every session,10,3,https://i.redd.it/w9avg90gq1ne1.jpeg
rstats,MountainImportance69,NA,Post-hoc power linear mixed models,4,6,https://www.reddit.com/r/rstats/comments/1j4uomp/posthoc_power_linear_mixed_models/
rstats,CorvusPotateus,NA,GLMM vs LMM,4,6,https://www.reddit.com/r/rstats/comments/1j4tw3j/glmm_vs_lmm/
